{
    "LocationResult": [
        {
            "Municipality": "Assenede",
            "Zipcode": "9960",
            "Thoroughfarename": "Valkstraat",
            "Housenumber": "29",
            "ID": 2068209,
            "FormattedAddress": "Valkstraat 29, 9960 Assenede",
            "Location": {
                "Lat_WGS84": 51.24329961648858,
                "Lon_WGS84": 3.775732256765469,
                "X_Lambert72": 108588.48,
                "Y_Lambert72": 214985.36
            },
            "LocationType": "crab_huisnummer_manueleAanduidingVanGebouw",
            "BoundingBox": {
                "LowerLeft": {
                    "Lat_WGS84": 51.24329961648858,
                    "Lon_WGS84": 3.775732256765469,
                    "X_Lambert72": 108588.48,
                    "Y_Lambert72": 214985.36
                },
                "UpperRight": {
                    "Lat_WGS84": 51.24329961648858,
                    "Lon_WGS84": 3.775732256765469,
                    "X_Lambert72": 108588.48,
                    "Y_Lambert72": 214985.36
                }
            }
        }
    ]
}