{
  "B1": 15.999999999999993,
  "B16": 7.9999999999999964,
  "B15": 62.453768678973894,
  "B14": [
    0.0
  ],
  "B13": [
    154.7844110761344
  ],
  "B2": 78.453768678973887,
  "B8": "Valkstraat 29, 9960 Assenede"
}