{
    "LocationResult": [
        {
            "Municipality": "Oudenaarde",
            "Zipcode": "9700",
            "Thoroughfarename": "Beaucarnestraat",
            "Housenumber": "11",
            "ID": 1390800,
            "FormattedAddress": "Beaucarnestraat 11, 9700 Oudenaarde",
            "Location": {
                "Lat_WGS84": 50.85603210538038,
                "Lon_WGS84": 3.631865611854953,
                "X_Lambert72": 98115.29,
                "Y_Lambert72": 171994.65
            },
            "LocationType": "crab_huisnummer_manueleAanduidingVanGebouw",
            "BoundingBox": {
                "LowerLeft": {
                    "Lat_WGS84": 50.85603210538038,
                    "Lon_WGS84": 3.631865611854953,
                    "X_Lambert72": 98115.29,
                    "Y_Lambert72": 171994.65
                },
                "UpperRight": {
                    "Lat_WGS84": 50.85603210538038,
                    "Lon_WGS84": 3.631865611854953,
                    "X_Lambert72": 98115.29,
                    "Y_Lambert72": 171994.65
                }
            }
        }
    ]
}